{"accuracy": 0.98, "balanced_accuracy": 0.9791666666666666, "adjusted_rand_score": 0.9440271228570384}