{"ref_date": "2022-05-17", "accuracy": 0.96, "balanced_accuracy": 0.9569444444444445, "adjusted_rand_score": 0.891785770856941}