{"ref_date": "2022-05-16", "accuracy": 0.98, "balanced_accuracy": 0.9791666666666666, "adjusted_rand_score": 0.9440271228570384}