{"accuracy": 0.796, "balanced_accuracy": 0.7981813783914147, "adjusted_rand_score": 0.6088902291599366}